{"stats":{"minecraft:used":{"iceandfire:dreadwood_planks_lock":2,"minecraft:dirt":10,"minecraft:lantern":14,"draconicevolution:chaotic_pickaxe":1,"minecraft:netherite_pickaxe":37,"draconicevolution:draconic_pickaxe":2},"minecraft:custom":{"minecraft:time_since_rest":3760,"minecraft:crouch_one_cm":3008,"minecraft:play_time":3760,"minecraft:sprint_one_cm":12043,"minecraft:damage_taken":30,"minecraft:walk_one_cm":15325,"minecraft:sneak_time":616,"minecraft:jump":45,"minecraft:leave_game":1,"minecraft:time_since_death":3760,"minecraft:total_world_time":3760,"minecraft:talked_to_villager":3,"minecraft:fall_one_cm":1086,"minecraft:fly_one_cm":76762},"minecraft:mined":{"minecraft:grass":1,"minecraft:grass_block":15,"projectvibrantjourneys:short_grass":6,"projectvibrantjourneys:pinecones":2,"minecraft:dirt":8,"minecraft:spruce_leaves":3,"minecraft:stone":33,"minecraft:fern":1},"minecraft:picked_up":{"minecraft:rotten_flesh":1,"minecraft:wheat_seeds":2,"minecraft:spruce_wood":3,"iceandfire:dread_shard":2,"minecraft:dirt":19,"minecraft:cobblestone":29}},"DataVersion":3465}