{"stats":{"minecraft:mined":{"minecraft:grass":16,"minecraft:grass_block":3,"minecraft:poppy":1,"minecraft:tall_grass":6,"minecraft:dandelion":1,"minecraft:oxeye_daisy":1,"minecraft:azure_bluet":1},"minecraft:custom":{"minecraft:time_since_rest":12490,"minecraft:crouch_one_cm":57,"minecraft:play_time":12490,"minecraft:sprint_one_cm":4196,"minecraft:walk_one_cm":4693,"minecraft:sneak_time":22,"minecraft:jump":74,"minecraft:time_since_death":12490,"minecraft:total_world_time":12490,"minecraft:fly_one_cm":6156,"minecraft:fall_one_cm":476,"minecraft:horse_one_cm":11503},"minecraft:picked_up":{"minecraft:azure_bluet":1,"minecraft:wheat_seeds":2,"minecraft:dandelion":1,"minecraft:poppy":1,"minecraft:dirt":3,"minecraft:oxeye_daisy":1}},"DataVersion":3465}