{"stats":{"minecraft:mined":{"minecraft:grass":6,"minecraft:dead_bush":2},"minecraft:picked_up":{"minecraft:stick":3},"minecraft:custom":{"minecraft:jump":35,"minecraft:time_since_rest":1194,"minecraft:leave_game":1,"minecraft:sprint_one_cm":5847,"minecraft:play_time":1194,"minecraft:walk_on_water_one_cm":190,"minecraft:time_since_death":1194,"minecraft:walk_one_cm":663,"minecraft:sneak_time":3,"minecraft:total_world_time":1194,"minecraft:walk_under_water_one_cm":140,"minecraft:swim_one_cm":1134,"minecraft:fall_one_cm":836,"minecraft:fly_one_cm":8137}},"DataVersion":2730}